"sample","cazyme","tpm","num_reads"
"A_dentosus_BEC331","GH13_39",3363.395428,30
"A_heterognathus_BEC338","GH4",2547.609582,9
"A_heterognathus_BEC338","GH3",1923.279398,6
"A_heterognathus_BEC338","GH24",1585.993103,9
"A_heterognathus_BEC338","GH25",1094.34099,19
"A_heterognathus_BEC338","CE11",1172.859369,34
"A_heterognathus_BEC338","GT2_Glyco_tranf_2_5",6526.699973,20
"A_heterognathus_BEC338","GH42",1196.700335,59
"A_heterognathus_BEC338","GH13_9",626.776231,26
"A_heterognathus_BEC338","GT35",1641.945607,31
"A_heterognathus_BEC338","GT35",1981.665284,5
"A_heterognathus_BEC338","GH116",808.882501,28
"A_heterognathus_BEC338","GH3",984.358566,72
"A_heterognathus_BEC338","PL12_3",1066.674473,65
"A_heterognathus_BEC338","GH13_39",2484.017659,4
"A_heterognathus_BEC338","GT11",1248.473785,25
"A_heterognathus_BEC338","GT2_Glycos_transf_2",2070.79998,19
"A_heterognathus_BEC338","GH5_4",1264.794929,24
"A_heterognathus_BEC338","GH13_20",1396.864788,71
"A_laurensis_BEC8","GT84",1167.127621,37
"A_laurensis_BEC8","GH5_4",1210.464931,35
"A_laurensis_BEC8","GH177",2181.267745,35
"A_laurensis_BEC8","GH13_39",1183.980398,23
"A_obeuntis_BEC335","GH51_1",1017.639248,17
"A_obeuntis_BEC335","GT104",1014.976659,21
"A_obeuntis_BEC335","GH9",1216.003067,12
"A_obeuntis_BEC335","GH5_36",1216.003067,12
"A_obeuntis_BEC335","GH171",1067.730145,14
"A_obeuntis_BEC335","GT51",925.576688,9
"A_obeuntis_BEC335","GH94",1956.066169,14
"A_obeuntis_BEC335","GH94",1956.066169,14
"A_obeuntis_BEC335","GH16_3",1462.272484,45
"A_obeuntis_BEC335","GH13_39",870.463946,24
"A_obeuntis_BEC335","GT5",870.463946,24
"A_obeuntis_BEC335","GH43_35",1131.771822,66
"A_obeuntis_BEC335","GH38",773.804493,17
"A_obeuntis_BEC335","GT8",2813.229508,10
"A_obeuntis_BEC335","GT4",2128.009604,6
"A_obeuntis_BEC335","CE4",1143.996584,15
"A_obeuntis_BEC335","GH11",1278.174797,10
"A_obeuntis_BEC335","GT19",1706.935232,18
"A_obeuntis_BEC335","GH11",859.722018,31
"A_obeuntis_BEC335","GH5_4",1034.150803,82
"A_obeuntis_BEC335","GH13_20",822.083429,64
"A_obeuntis_BEC335","GH3",1291.935933,35
"A_obeuntis_BEC335","GH13_36",4018.333849,8
"A_obeuntis_BEC335","GH5_2",4018.333849,8
"A_obeuntis_BEC335","GH3",639.301273,12
"A_obeuntis_BEC335","GT2_Glycos_transf_2",1039.897605,34
"A_obeuntis_BEC335","GH73",1516.689442,10
"A_obeuntis_BEC335","GT51",674.966025,76
"A_obeuntis_BEC335","GH31_3",663.310217,39
"A_obeuntis_BEC335","GH3",663.310217,39
"A_obeuntis_BEC335","GH10",798.234731,101
"A_obeuntis_BEC335","GH115",955.876139,21
"A_obeuntis_BEC335","GT28",971.350545,61
"A_obeuntis_BEC335","GH13_31",635.613624,39
"A_obeuntis_BEC335","GH13_20",1069.893941,11
"A_obeuntis_BEC337","GH11",657.230634,13
"A_obeuntis_BEC337","GT26",1080.122612,3
"A_obeuntis_BEC337","GH5_4",765.596469,70
"A_obeuntis_BEC337","GH5_4",765.596469,70
"A_obeuntis_BEC337","GH94",826.189286,3
"A_obeuntis_BEC337","GT4",786.963176,41
"A_obeuntis_BEC337","CE20",452.303621,24
"A_obeuntis_BEC337","GT28",1012.422617,32
"A_obeuntis_BEC337","GH130_2",1654.304134,11
"A_obeuntis_BEC337","GH43_35",781.075134,35
"A_obeuntis_BEC337","GH23",1588.833175,5
"A_obeuntis_BEC337","GH23",1588.833175,5
"A_obeuntis_BEC337","GH57",841.352382,62
"A_obeuntis_BEC337","GH4",817.798416,20
"A_obeuntis_BEC337","GH5_4",1200.48883,9
"A_obeuntis_BEC337","GH5_4",1200.48883,9
"A_obeuntis_BEC337","GH10",506.506875,22
"A_obeuntis_BEC337","GH127",1027.234534,36
"A_obeuntis_BEC337","GT2_Glycos_transf_2",909.735485,24
"A_obeuntis_BEC337","GH53",702.943711,9
"A_obeuntis_BEC337","GH31_8",421.905269,5
"A_obeuntis_BEC337","GH10",909.5696,30
"A_obeuntis_BEC337","GT4",772.18631,38
"A_obeuntis_BEC337","GH10",1198.924918,16
"A_obeuntis_BEC337","GH9",1118.961627,98
"A_obeuntis_BEC337","GH13_9",953.935566,19
"A_obeuntis_BEC337","GH13_31",940.807993,67
"A_obeuntis_BEC337","GH95",596.331621,56
"A_obeuntis_BEC337","GT4",1642.291412,30
"A_obeuntis_BEC337","GH3",990.585618,70
"A_obeuntis_BEC337","GH51_1",891.618691,44
"Amitermes_sp_BEC323","GH3",1570.707751,14
"Amitermes_sp_BEC323","GH2",165.342227,38
"Amitermes_sp_BEC323","GT4",496.50396,93
"Amitermes_sp_BEC323","GH26",161.326189,17
"Amitermes_sp_BEC323","GH2",267.350087,38
"Amitermes_sp_BEC323","GH5_4",147.528079,26
"Amitermes_sp_BEC323","GT5",677.509809,105
"Amitermes_sp_BEC323","GT51",677.509809,105
"Amitermes_sp_BEC323","GH9",677.509809,105
"Amitermes_sp_BEC323","GT4",262.222734,31
"Amitermes_sp_BEC323","GH29",566.77376,66
"Amitermes_sp_BEC323","GT28",2983.948147,30
"Amitermes_sp_BEC323","GT2_Glycos_transf_2",502.980218,98
"Amitermes_sp_BEC323","PL8",502.980218,98
"Amitermes_sp_BEC323","GH77",201.474152,19
"Amitermes_sp_BEC323","GT35",201.474152,19
"Amitermes_sp_BEC323","CE11",300.211082,11
"Amitermes_sp_BEC323","GT35",178.27902,45
"Amitermes_sp_BEC323","GH127",1040.048238,9
"Amitermes_sp_BEC323","GH39",1040.048238,9
"Amitermes_sp_BEC323","GH3",574.051386,76
"Amitermes_sp_BEC323","GT1",251.666681,38
"Amitermes_sp_BEC323","GT5",216.397884,39
"Amitermes_sp_BEC323","GH5_37",297.939637,31
"Amitermes_sp_BEC323","GH94",155.624885,49
"Amitermes_sp_BEC323","GH94",155.624885,49
"Amitermes_sp_BEC323","GT4",432.145114,5
"Amitermes_sp_BEC323","GH42",493.129677,88
"Amitermes_sp_BEC323","GH43_35",236.619553,22
"Amitermes_sp_BEC323","GH94",142.831941,16
"Amitermes_sp_BEC323","GT4",308.571712,25
"Amitermes_sp_BEC323","GT35",232.361493,25
"Amitermes_sp_BEC323","GH10",609.692478,98
"Amitermes_sp_BEC323","GH5_39",685.246251,115
"Amitermes_sp_BEC323","GH30_10",685.246251,115
"Amitermes_sp_BEC323","GH10",685.246251,115
"Amitermes_sp_BEC323","GH2",685.246251,115
"Amitermes_sp_BEC323","GH3",268.606468,22
"Amitermes_sp_BEC323","GH13_36",186.958712,38
"Amitermes_sp_BEC323","GH115",586.163045,41
"Amitermes_sp_BEC323","GH9",143.181943,22
"Amitermes_sp_BEC323","GH13_9",470.62967,2
"Amitermes_sp_BEC323","GT5",196.72996,25
"Amitermes_sp_BEC323","GH130_2",895.328478,46
"Amitermes_sp_BEC323","GH5_4",199.393356,43
"Amitermes_sp_BEC323","GT35",422.440461,5
"Amitermes_sp_BEC323","GH9",733.487282,14
"Amitermes_sp_BEC323","GH5_52",733.487282,14
"Amitermes_sp_BEC323","GH3",733.487282,14
"Amitermes_sp_BEC323","GH51_1",1837.227715,15
"Amitermes_sp_BEC323","GH11",1837.227715,15
"Amitermes_sp_BEC323","GH29",1837.227715,15
"Amitermes_sp_BEC323","GH4",1837.227715,15
"Amitermes_sp_BEC323","GH43_2",1837.227715,15
"Amitermes_sp_BEC323","GH11",2267.562686,2
"Amitermes_sp_BEC323","GT4",277.647228,11
"Amitermes_sp_BEC323","GH94",495.19328,91
"Amitermes_sp_BEC323","GH13_11",4940.175549,22
"Amitermes_sp_BEC323","GH43_35",251.646501,39
"Amitermes_sp_BEC323","GH13_29",666.314986,342
"Amitermes_sp_BEC323","GT35",756.292344,212
"Amitermes_sp_BEC323","GH1",1340.937379,48
"Amitermes_sp_BEC323","GH94",1340.937379,48
"Amitermes_sp_BEC323","GH43_35",489.183808,34
"Amitermes_sp_BEC323","GH10",208.769267,11
"Amitermes_sp_BEC323","GH10",1299.296107,21
"Amitermes_sp_BEC323","GH43_1",733.350733,38
"Amitermes_sp_BEC323","GH77",940.611948,5
"Amitermes_sp_BEC323","GT35",356.610969,3
"Amitermes_sp_BEC323","GT51",740.325694,219
"Amitermes_sp_BEC323","GH5_12",600.656701,75
"Amitermes_sp_BEC323","GH57",600.656701,75
"Amitermes_sp_BEC323","GH5_4",707.293703,192
"Amitermes_sp_BEC323","GH5_4",707.293703,192
"Amitermes_sp_BEC323","GH53",262.770868,37
"Amitermes_sp_BEC323","GH94",1063.954745,65
"Amitermes_sp_BEC323","GH8",808.926407,7
"Amitermes_sp_BEC323","GH77",177.024263,37
"Amitermes_sp_BEC323","GH31_3",1873.518736,107
"Amitermes_sp_BEC323","GH77",525.291781,107
"Amitermes_sp_BEC323","GH3",1797.392976,51
"Amitermes_sp_BEC323","GH43_16",1797.392976,51
"Amitermes_sp_BEC334","GH5_52",1853.905759,21
"Amitermes_sp_BEC334","GH43_35",2173.179341,28
"Amitermes_sp_BEC334","GT2_Glycos_transf_2",2447.097762,7
"Amitermes_sp_BEC334","GH3",1840.882845,31
"D_gayi_BEC328","GH4",1898.492544,8
"D_gayi_BEC328","GH130_2",1898.492544,8
"D_gayi_BEC328","GH3",653.085202,30
"D_gayi_BEC328","GT35",837.230971,7
"D_gayi_BEC328","GH13_44",662.309805,12
"D_gayi_BEC328","GH13_20",2002.710638,104
"D_gayi_BEC328","GH13_2",2002.710638,104
"D_gayi_BEC328","GT8",1009.627699,11
"D_gayi_BEC328","GH66",719.012412,18
"D_gayi_BEC328","GT2_Glycos_transf_2",1348.851721,8
"D_gayi_BEC328","GH53",836.902676,36
"D_gayi_BEC328","GT5",828.946305,14
"D_gayi_BEC328","GH94",631.370105,16
"D_gayi_BEC328","GT4",1120.207349,11
"D_gayi_BEC328","GT2_Glycos_transf_2",1120.207349,11
"D_gayi_BEC328","GH146",814.107782,6
"D_gayi_BEC328","GH4",1330.895379,28
"D_gayi_BEC329","GH10",511.970184,14
"D_gayi_BEC329","GH44",1191.382455,6
"D_gayi_BEC329","GT2_Glycos_transf_2",469.079375,91
"D_gayi_BEC329","GT2_Glycos_transf_2",469.079375,91
"D_gayi_BEC329","GT2_Glycos_transf_2",469.079375,91
"D_gayi_BEC329","GH10",395.074616,25
"D_gayi_BEC329","GH5_52",1148.530965,59
"D_gayi_BEC329","GH27",511.180429,38
"D_gayi_BEC329","GH43_35",516.318252,58
"D_gayi_BEC329","PL1",359.918195,24
"D_gayi_BEC329","GH11",391.493503,20
"D_gayi_BEC329","GH1",844.459231,52
"D_gayi_BEC329","GH94",436.629857,93
"D_gayi_BEC329","GH10",244.795844,25
"D_gayi_BEC329","GH77",465.436981,54
"D_gayi_BEC329","GH9",725.375246,35
"D_gayi_BEC329","GT42",445.140586,9
"D_gayi_BEC329","GH36",503.521186,41
"D_gayi_BEC329","GH10",457.919897,43
"D_gayi_BEC329","GH3",218.862667,3
"D_gayi_BEC329","GH39",417.389082,56
"D_gayi_BEC329","GT2_Glycos_transf_2",560.339493,38
"D_gayi_BEC329","GH3",429.486476,15
"D_gayi_BEC329","GT2_Glycos_transf_2",731.721464,49
"D_gayi_BEC329","GH5_52",1830.004374,2
"D_gayi_BEC329","GH13_11",828.965135,5
"D_gayi_BEC329","GH5_4",499.508031,4
"D_gayi_BEC329","GH13_9",440.65977,52
"D_gayi_BEC329","GH2",503.641405,70
"D_gayi_BEC329","CBM22",264.620012,28
"D_gayi_BEC329","GH20",385.606044,56
"D_gayi_BEC329","CE9",585.673328,54
"D_gayi_BEC329","GT2_Glycos_transf_2",970.276492,6
"D_gayi_BEC329","GH13_11",721.157818,117
"D_gayi_BEC329","GH10",669.096235,56
"D_gayi_BEC329","GH18",324.934879,33
"D_gayi_BEC329","GH94",293.55273,12
"D_gayi_BEC329","GH115",740.521368,134
"D_gayi_BEC329","GH13_31",365.921817,52
"D_gayi_BEC329","GH10",303.009379,30
"D_gayi_BEC329","GH13_20",929.616968,164
"D_gayi_BEC329","GH57",482.217543,42
"D_gayi_BEC329","GT2_Glycos_transf_2",809.361666,104
"D_gayi_BEC329","GH36",350.029922,42
"D_gayi_BEC329","GH10",1023.07029,8
"D_gayi_BEC329","GH4",558.694615,9
"D_gayi_BEC329","GT2_Glycos_transf_2",545.169245,43
"D_gayi_BEC329","GT4",318.358613,15
"D_gayi_BEC329","GT28",723.060118,15
"D_gayi_BEC329","GT35",427.369259,80
"D_gayi_BEC329","GH9",232.828781,8
"D_gayi_BEC329","GH11",720.729356,64
"D_gayi_BEC329","GH3",304.764576,58
"D_gayi_BEC329","GT2_Glycos_transf_2",664.719662,30
"D_gayi_BEC329","GH13_31",495.430086,13
"D_gayi_BEC329","GH10",544.508144,36
"D_gayi_BEC330","GT2_Glycos_transf_2",1182.289236,2
"D_gayi_BEC330","GT5",1397.377838,30
"D_gayi_BEC330","GH77",1397.377838,30
"D_gayi_BEC330","GT35",1397.377838,30
"D_gayi_BEC330","GH13_39",1397.377838,30
"D_gayi_BEC330","GH13_31",1509.872474,39
"D_gayi_BEC330","GT4",2321.250611,19
"D_gayi_BEC330","GH13_9",1593.271728,62
"D_gayi_BEC330","GH115",2979.311366,21
"D_gayi_BEC330","GH43_1",3372.821438,24
"D_gayi_BEC330","GH25",3804.18692,49
"D_gayi_BEC330","GT51",1480.407764,44
"D_gayi_BEC330","GH5_4",1436.072578,29
"D_gayi_BEC330","GH31_3",1555.284111,60
"D_gayi_BEC330","GT2_Glycos_transf_2",4314.174289,8
"D_gayi_BEC330","GH120",1277.975767,3
"D_gayi_BEC330","GT2_Glycos_transf_2",1608.430572,15
"D_perniger_BEC341","GH20",1022.902528,48
"D_perniger_BEC341","CE9",1723.20874,9
"D_perniger_BEC341","GT35",1119.870153,14
"D_perniger_BEC341","GH3",1089.767339,68
"D_perniger_BEC341","GT2_Glycos_transf_2",1271.61816,39
"D_perniger_BEC341","GT8",1301.062803,11
"D_perniger_BEC341","GH109",1070.849402,12
"D_perniger_BEC341","GH30_1",1141.942091,2
"D_perniger_BEC341","GH149",1141.942091,2
"D_perniger_BEC341","GH31_3",1027.806969,10
"D_perniger_BEC341","GT28",1042.825003,26
"D_perniger_BEC341","GH13_9",845.823723,23
"D_perniger_BEC341","GH32",1010.586899,23
"D_perniger_BEC341","GH94",1117.27343,23
"D_perniger_BEC341","GT4",3016.404276,16
"D_perniger_BEC341","GT2_Glycos_transf_2",1663.351865,10
"D_perniger_BEC341","GH5_46",1082.933657,27
"D_perniger_BEC341","GH3",863.979871,28
"D_perniger_BEC341","GH2",1401.119059,9
"D_perniger_BEC341","GT2_Glycos_transf_2",1743.423336,14
"D_perniger_BEC341","GH65",887.88474,50
"D_perniger_BEC341","GT51",0,0
"D_perniger_BEC341","GH3",888.543452,41
"D_perniger_BEC341","GT4",1283.021486,35
"D_perniger_BEC341","GT8",1144.907997,59
"D_perniger_BEC341","GT2_Glycos_transf_2",707.162212,18
"D_perniger_BEC341","GH1",2119.363601,65
"D_perniger_BEC342","GH5_12",2575.060944,31
"D_perniger_BEC342","GH127",1695.886053,21
"D_perniger_BEC342","GH5_52",1277.224386,30
"D_perniger_BEC342","GT51",1310.937272,2
"D_perniger_BEC342","GT2_Glycos_transf_2",1585.182095,4
"D_perniger_BEC342","GH77",1104.69625,56
"D_perniger_BEC342","GH5_4",1609.127788,18
"D_perniger_BEC342","GH130_2",1894.557955,16
"D_perniger_BEC342","GT26",1523.561291,43
"D_perniger_BEC342","GT2_Glyco_tranf_2_5",2281.710823,4
"D_perniger_BEC342","GH94",1188.814092,40
"D_perniger_BEC342","GH2",1346.121164,5
"D_perniger_BEC342","GH10",1627.303149,64
"D_perniger_BEC342","CE1",1642.816199,26
"D_perniger_BEC342","GH10",1291.2775,37
"D_perniger_BEC342","GH5_36",1495.399749,12
"D_perniger_BEC342","GH5_4",1363.716388,19
"D_perniger_BEC342","GH5_4",1908.071773,4
"D_perniger_BEC342","GH13_11",2897.84065,9
"D_perniger_BEC342","GH13_11",2897.84065,9
"D_perniger_BEC342","GT2_Glycos_transf_2",1194.488091,26
"D_perniger_BEC342","GH11",2520.523784,8
"D_perniger_BEC342","GH13_31",1477.671874,7
"D_perniger_BEC342","GH115",1223.921372,71
"D_perniger_BEC342","GH11",1340.72766,12
"D_perniger_BEC342","GH9",1276.790798,70
"D_perniger_BEC342","GH51_1",1606.50001,34
"D_perniger_BEC343","GH13_9",2006.511604,126
"D_perniger_BEC343","GH148",1913.022944,136
"D_perniger_BEC343","GT8",1350.846526,40
"D_perniger_BEC343","GT2_Glycos_transf_2",1350.846526,40
"D_perniger_BEC343","GT2_Glycos_transf_2",1350.846526,40
"D_perniger_BEC343","GH94",573.017994,25
"D_perniger_BEC343","GT2_Glycos_transf_2",2223.112804,83
"D_perniger_BEC343","GH94",1963.441582,25
"D_perniger_BEC343","GH94",1960.353773,136
"D_perniger_BEC343","GT5",2523.201322,29
"D_perniger_BEC343","GT35",2046.490324,141
"D_perniger_BEC343","GH57",1509.001956,49
"D_perniger_BEC343","GH45_1",3053.211809,9
"D_perniger_BEC343","PL11_1",1966.55151,191
"D_perniger_BEC343","GH1",2447.434022,51
"D_perniger_BEC343","GT35",2101.361875,155
"D_perniger_BEC343","GH5_2",2547.883819,14
"D_perniger_BEC343","GH5_36",1024.597233,15
"D_perniger_BEC343","GH5_10",2017.900728,23
"D_perniger_BEC343","PL1_2",1268.442916,73
"D_perniger_BEC343","GH43_4",1268.442916,73
"D_perniger_BEC343","GT2_Glycos_transf_2",4173.150947,3
"D_perniger_BEC343","GT51",1865.700149,54
"D_perniger_BEC343","GH10",696.834867,31
"D_perniger_BEC343","GT5",2307.717229,91
"D_perniger_BEC343","GT28",0,0
"D_perniger_BEC344","GH57",4125.513379,6
"D_perniger_BEC344","GT28",1442.548643,13
"D_perniger_BEC344","GH13_9",2066.219847,71
"D_perniger_BEC344","GT5",1944.149642,66
"D_perniger_BEC344","GT2_Glycos_transf_2",1572.107354,38
"D_perniger_BEC344","GH26",1607.232363,25
"D_perniger_BEC344","GH5_2",1817.950141,70
"D_perniger_BEC344","GT35",1717.102526,13
"D_perniger_BEC344","GH5_2",1276.190827,65
"D_perniger_BEC344","GH3",2129.054193,31
"D_perniger_BEC344","GH8",1659.955281,47
"D_perniger_BEC344","CE2",3599.050197,6
"D_perniger_BEC344","GH106",1129.378094,20
"D_perniger_BEC344","CE2",2798.911892,44
"D_perniger_BEC344","GH9",1412.248287,10
"D_perniger_BEC344","GH3",1333.337746,110
"D_perniger_BEC344","GH5_4",2779.716249,16
"D_perniger_BEC345","GH2",6061.645374,47
"D_perniger_BEC345","GH31_4",3083.185762,33
"D_perniger_BEC345","GH13_3",3511.909641,27
"D_perniger_BEC345","GH44",3165.505084,15
"D_perniger_BEC345","GH44",3165.505084,15
"D_perniger_BEC345","GH5_4",2579.986917,12
"D_perniger_BEC346","GH94",2440.415051,12
"D_perniger_BEC346","GT51",805.747302,21
"D_perniger_BEC346","GH13_9",847.360348,62
"D_perniger_BEC346","GH115",880.835466,14
"D_perniger_BEC346","GT2_Glycos_transf_2",916.86037,30
"D_perniger_BEC346","GH11",1639.201776,1
"D_perniger_BEC346","CE2",4190.321208,7
"D_perniger_BEC346","GT5",783.856635,16
"D_perniger_BEC346","GH16",823.295885,8
"D_perniger_BEC346","GH11",601.727937,11
"D_perniger_BEC346","GT4",2177.457834,23
"D_perniger_BEC346","GH13_9",1094.862661,94
"D_perniger_BEC346","GT2_Glycos_transf_2",1109.819431,49
"D_perniger_BEC346","GH30_10",1523.492894,82
"D_perniger_BEC346","GH11",1272.686551,45
"D_perniger_BEC346","GH11",1272.686551,45
"D_perniger_BEC346","CE15",532.265305,7
"D_perniger_BEC346","GT5",960.938571,5
"D_perniger_BEC346","GH116",1135.788264,53
"D_perniger_BEC346","GH4",993.730194,4
"D_perniger_BEC347","GH43_1",284.530499,9
"D_perniger_BEC347","CE9",433.785364,19
"D_perniger_BEC347","GT35",518.965944,99
"D_perniger_BEC347","GH3",211.250021,21
"D_perniger_BEC347","GT35",482.941313,31
"D_perniger_BEC347","GT35",524.499731,107
"D_perniger_BEC347","CE20",518.776795,6
"D_perniger_BEC347","CE20",518.776795,6
"D_perniger_BEC347","GT51",540.82769,92
"D_perniger_BEC347","GH1",540.82769,92
"D_perniger_BEC347","GH10",799.535076,12
"D_perniger_BEC347","GH9",432.10259,33
"D_perniger_BEC347","GH36",432.10259,33
"D_perniger_BEC347","GH127",376.72884,58
"D_perniger_BEC347","GH115",1438.652192,11
"D_perniger_BEC347","GH13_9",587.275189,66
"D_perniger_BEC347","GH115",1829.322976,7
"D_perniger_BEC347","GH43_35",1829.322976,7
"D_perniger_BEC347","GT2_Glycos_transf_2",1122.79106,19
"D_perniger_BEC347","GH2",0,0
"D_perniger_BEC347","GH127",504.965151,51
"D_perniger_BEC347","GH43_2",504.965151,51
"D_perniger_BEC347","GH30_10",388.514415,45
"D_perniger_BEC347","GH51_1",392.874048,17
"D_perniger_BEC347","GH51_1",392.874048,17
"D_perniger_BEC347","GH127",534.515247,83
"D_perniger_BEC347","GH31_3",784.32821,41
"D_perniger_BEC347","GH5_25",541.55105,8
"D_perniger_BEC347","GH1",385.334443,23
"D_perniger_BEC347","GH18",398.404258,28
"D_perniger_BEC347","GH30_8",526.769732,32
"D_perniger_BEC347","GH57",405.840733,21
"D_perniger_BEC347","GH94",402.444497,61
"D_perniger_BEC347","CE20",316.315815,26
"D_perniger_BEC347","GH30_10",391.463222,30
"D_perniger_BEC347","GT2_Glycos_transf_2",518.375664,33
"D_perniger_BEC347","GH3",404.26937,92
"D_perniger_BEC347","GH5_4",552.368597,22
"D_perniger_BEC347","GH5_52",707.683719,4
"D_perniger_BEC347","GH13_31",437.458122,37
"D_perniger_BEC347","GT2_Glycos_transf_2",302.219256,21
"D_perniger_BEC347","GH5_4",444.414928,37
"D_perniger_BEC347","GH2",465.678105,8
"D_perniger_BEC347","GH57",604.950991,4
"D_perniger_BEC347","GH5_4",270.967772,7
"D_perniger_BEC347","GT4",496.548248,113
"D_perniger_BEC347","GH43_16",400.096076,26
"D_perniger_BEC347","GH39",0,0
"D_perniger_BEC347","GT5",559.935898,61
"D_perniger_BEC347","GH3",449.0886,23
"D_perniger_BEC347","GH130_2",915.50594,7
"D_perniger_BEC347","GH13_31",891.900878,9
"D_perniger_BEC347","GH57",349.436618,29
"D_perniger_BEC347","GH18",326.879832,1
"D_perniger_BEC347","GT5",337.990169,37
"D_perniger_BEC347","GH3",878.253904,22
"D_perniger_BEC347","GH2",2253.932119,122
"D_perniger_BEC347","GH3",382.470885,76
"D_perniger_BEC347","GH95",374.065946,67
"D_perniger_BEC347","GH13_11",528.242968,43
"D_perniger_BEC347","GH9",641.794731,31
"D_perniger_BEC347","GT35",456.612304,13
"D_perniger_BEC347","GH36",909.796278,69
"D_perniger_BEC347","GH127",487.44978,34
"D_perniger_BEC347","GH39",845.868736,59
"D_rubriceps_BEC340","GH11",2442.176531,39
"D_rubriceps_BEC340","GH5_4",3122.153481,87
"D_rubriceps_BEC340","GH39",2929.444223,44
"D_rubriceps_BEC340","GH31_4",2436.390938,17
"D_rubriceps_BEC340","GH2",2912.096502,114
"D_rubriceps_BEC340","GH10",1983.897728,37
"D_rubriceps_BEC340","GH43_35",1861.09035,6
"D_rubriceps_BEC348","GT35",2169.068659,14
"D_rubriceps_BEC348","GT2_Glycos_transf_2",1160.155172,23
"D_rubriceps_BEC349","GH9",534.050614,26
"D_rubriceps_BEC349","GH2",260.877557,22
"D_rubriceps_BEC349","GT2_Glycos_transf_2",919.407625,47
"D_rubriceps_BEC349","GH57",981.749447,158
"D_rubriceps_BEC349","GH94",171.238909,13
"D_rubriceps_BEC349","GT51",716.00227,110
"D_rubriceps_BEC349","GH5_52",1063.265742,52
"D_rubriceps_BEC349","GT2_Glycos_transf_2",196.453588,12
"D_rubriceps_BEC349","PL1",1504.047673,18
"D_rubriceps_BEC349","CE11",520.333609,41
"D_rubriceps_BEC349","GH77",1208.696241,11
"D_rubriceps_BEC349","GH1",2170.922358,49
"D_rubriceps_BEC349","CBM11",887.867972,4
"D_rubriceps_BEC349","GH51_3",887.867972,4
"D_rubriceps_BEC349","GT35",1001.857372,108
"D_rubriceps_BEC349","GH51_3",922.332938,69
"D_rubriceps_BEC349","GH5_4",921.170505,125
"D_rubriceps_BEC350","PL1_2",154.2478,12
"D_rubriceps_BEC350","GT2_Glycos_transf_2",827.006346,23
"D_rubriceps_BEC350","GH127",334.577422,5
"D_rubriceps_BEC350","GH4",376.503942,63.466
"D_rubriceps_BEC350","GH13_36",388.33418,65
"D_rubriceps_BEC350","GH9",343.973105,44
"D_rubriceps_BEC350","GH127",322.239295,13
"D_rubriceps_BEC350","GT28",390.980352,98
"D_rubriceps_BEC350","GT2_Glycos_transf_2",843.589957,40
"D_rubriceps_BEC350","GH2",183.997738,2
"D_rubriceps_BEC350","GH94",456.65753,17
"D_rubriceps_BEC350","GH94",456.65753,17
"D_rubriceps_BEC350","GT2_Glycos_transf_2",869.136614,22
"D_rubriceps_BEC350","GH13_31",917.045269,3
"D_rubriceps_BEC350","GH57",260.178525,34
"D_rubriceps_BEC350","GH43_35",346.904569,30
"D_rubriceps_BEC350","GH154",140.637816,8
"D_rubriceps_BEC350","GH3",439.798446,33
"D_rubriceps_BEC350","GH31_3",439.798446,33
"D_rubriceps_BEC350","GH27",325.458444,18
"D_rubriceps_BEC350","GH43_1",383.344413,33
"D_rubriceps_BEC350","GH5_2",383.344413,33
"D_rubriceps_BEC350","GH65",268.287712,61
"D_rubriceps_BEC350","GT35",832.245612,12
"D_rubriceps_BEC350","GT2_Glycos_transf_2",660.933149,14
"D_rubriceps_BEC350","GH2",378.900695,134
"D_rubriceps_BEC350","GT4",718.889052,15
"D_rubriceps_BEC350","GH11",397.799275,5
"D_rubriceps_BEC350","GH5_4",487.184778,115
"D_rubriceps_BEC350","GT39",356.489969,29
"D_rubriceps_BEC350","GH31_3",314.601939,76
"D_rubriceps_BEC350","GH120",484.880622,36
"D_rubriceps_BEC350","GH29",484.880622,36
"D_rubriceps_BEC350","GH51_1",484.880622,36
"D_rubriceps_BEC350","GH30_10",295.837553,48
"D_rubriceps_BEC350","GH13_14",226.269822,51
"D_rubriceps_BEC350","GT2_Glycos_transf_2",373.24783,42
"D_rubriceps_BEC350","GH13_39",781.357348,10
"D_rubriceps_BEC350","GT35",781.357348,10
"D_rubriceps_BEC350","GH77",781.357348,10
"D_rubriceps_BEC350","GH11",781.357348,10
"D_rubriceps_BEC350","GT4",243.5158,5
"D_rubriceps_BEC350","GH94",355.881577,101
"D_rubriceps_BEC350","GH94",355.881577,101
"D_rubriceps_BEC350","GH13_44",4966.860155,2
"D_rubriceps_BEC350","GH39",475.755072,74
"D_rubriceps_BEC350","GH3",380.799158,43
"D_rubriceps_BEC350","GH94",292.924048,74
"D_rubriceps_BEC350","GH23",623.204382,4
"D_rubriceps_BEC350","GH3",588.75596,86
"D_rubriceps_BEC350","GH2",588.75596,86
"D_rubriceps_BEC350","GH9",725.279607,27
"D_rubriceps_BEC350","GH3",327.143252,27
"D_rubriceps_BEC350","GH11",1380.105639,17
"D_rubriceps_BEC350","GH13_9",520.938511,80
"D_rubriceps_BEC350","GT5",520.938511,80
"D_rubriceps_BEC350","GH115",472.696472,164
"D_rubriceps_BEC350","GT2_Glycos_transf_2",472.696472,164
"D_rubriceps_BEC350","GH13_11",190.262109,35
"D_rubriceps_BEC350","GT4",858.878358,118
"D_rubriceps_BEC350","GT4",590.803857,42
"D_rubriceps_BEC350","GH13_9",680.527658,32
"D_rubriceps_BEC350","GH5_4",680.527658,32
"D_rubriceps_BEC350","GT5",680.527658,32
"D_rubriceps_BEC350","GH179",305.976295,36
"D_rubriceps_BEC350","GH77",0,0
"D_rubriceps_BEC350","GT35",0,0
"D_rubriceps_BEC350","GH13_39",0,0
"D_rubriceps_BEC350","GH2",466.541749,4
"D_rubriceps_BEC350","GH31_3",466.541749,4
"D_rubriceps_BEC350","GH5_4",466.541749,4
"D_rubriceps_BEC350","GH29",466.541749,4
"D_rubriceps_BEC350","GH3",466.541749,4
"D_rubriceps_BEC350","GH130_2",487.680756,113
"D_rubriceps_BEC350","GH4",487.680756,113
"D_rubriceps_BEC350","GH5_4",2078.590775,6
"D_rubriceps_BEC350","GT2_Glycos_transf_2",344.197211,28
"D_rubriceps_BEC350","GT2_Glycos_transf_2",496.759897,6
"D_rubriceps_BEC350","GH13_20",497.868289,24
"D_rubriceps_BEC350","GH116",606.839865,52
"D_rubriceps_BEC350","GT5",189.966008,24
"D_rubriceps_BEC350","GT4",2160.279844,128
"D_tamminensis_BEC324","GT56",185.033437,18
"D_tamminensis_BEC324","GH42",125.070043,7
"D_tamminensis_BEC324","GH112",270.432796,75
"D_tamminensis_BEC324","GH13_20",1359.741513,31
"D_tamminensis_BEC324","GH13_2",1359.741513,31
"D_tamminensis_BEC324","GH65",80.6734,32
"D_tamminensis_BEC324","GH77",137.136481,54
"D_tamminensis_BEC324","GT35",137.136481,54
"D_tamminensis_BEC324","GH5_4",447.796645,26
"D_tamminensis_BEC324","GT4",447.796645,26
"D_tamminensis_BEC324","GH2",213.868843,145
"D_tamminensis_BEC324","GT4",172.342052,21
"D_tamminensis_BEC324","GH65",312.222352,12
"D_tamminensis_BEC324","GT4",75.85671,24
"D_tamminensis_BEC324","GH13_39",1272.963625,168
"D_tamminensis_BEC324","GH77",1272.963625,168
"D_tamminensis_BEC324","GT5",1272.963625,168
"D_tamminensis_BEC324","GH13_9",1272.963625,168
"D_tamminensis_BEC324","GH172",1272.963625,168
"D_tamminensis_BEC324","GT35",1272.963625,168
"D_tamminensis_BEC324","GH2",227.458227,44
"D_tamminensis_BEC324","GH13_31",227.458227,44
"D_tamminensis_BEC324","GH93",227.458227,44
"D_tamminensis_BEC324","GH38",227.458227,44
"D_tamminensis_BEC324","GH43",227.458227,44
"D_tamminensis_BEC324","GH2",227.458227,44
"D_tamminensis_BEC324","GH5_4",993.672656,57
"D_tamminensis_BEC324","GH30_4",103.228083,24
"D_tamminensis_BEC324","GT35",351.503169,4
"D_tamminensis_BEC324","GT2_Glycos_transf_2",214.982902,59
"D_tamminensis_BEC324","GH36",266.808753,41
"D_tamminensis_BEC324","GH31_4",660.698718,9
"D_tamminensis_BEC324","GH10",398.443403,328.922
"D_tamminensis_BEC324","GH39",116.856464,39
"D_tamminensis_BEC324","GH4",347.233014,14
"D_tamminensis_BEC324","GH130_2",347.233014,14
"D_tamminensis_BEC324","GH130_2",347.233014,14
"D_tamminensis_BEC324","GT5",195.97869,4
"D_tamminensis_BEC324","GH95",262.994458,95
"D_tamminensis_BEC324","GH20",262.994458,95
"D_tamminensis_BEC324","GT39",171.556031,58
"D_tamminensis_BEC324","PL12_3",170.635673,24
"D_tamminensis_BEC324","GH1",357.849008,7
"D_tamminensis_BEC324","GH3",93.46284,22
"D_tamminensis_BEC324","GH27",130.194129,33
"D_tamminensis_BEC324","GT2_Glycos_transf_2",251.563658,2
"D_tamminensis_BEC324","GH3",255.752438,134
"D_tamminensis_BEC324","GH43_4",92.077519,28
"D_tamminensis_BEC324","GH3",465.570475,325.078
"D_tamminensis_BEC324","GH3",211.038235,86
"D_tamminensis_BEC324","GH5_36",46.652797,3
"D_tamminensis_BEC324","GT111",202.089427,54
"D_tamminensis_BEC324","GT35",120.029464,24
"D_tamminensis_BEC324","GH65",273.831375,50
"D_tamminensis_BEC324","GH25",131.294252,31
"D_tamminensis_BEC324","GT4",199.652183,12
"D_tamminensis_BEC324","GH29",115.527163,49
"D_tamminensis_BEC324","GH42",115.527163,49
"D_tamminensis_BEC324","GT2_Glycos_transf_2",176.241608,1
"D_tamminensis_BEC324","GH94",307.731577,78
"D_tamminensis_BEC324","GT11",428.630282,4
"D_tamminensis_BEC324","GH65",139.038959,64
"D_tamminensis_BEC324","GT4",249.573548,49
"D_tamminensis_BEC324","GH13_31",2607.503734,248
"D_tamminensis_BEC324","GH66",2607.503734,248
"D_tamminensis_BEC324","GH10",270.9809,18
"D_tamminensis_BEC324","GH10",137.810597,44
"D_tamminensis_BEC324","GT4",157.481385,57
"D_tamminensis_BEC324","GT4",435.04139,126
"D_tamminensis_BEC324","GT2_Glycos_transf_2",135.534099,37
"D_tamminensis_BEC324","GT8",135.534099,37
"D_tamminensis_BEC324","GT2_Glycos_transf_2",127.893239,24
"D_tamminensis_BEC324","GT4",127.893239,24
"D_tamminensis_BEC324","GT2_Glycos_transf_2",329.385758,58
"D_tamminensis_BEC324","GH13_20",64.755318,24
"D_tamminensis_BEC324","GT4",294.794384,20
"D_tamminensis_BEC324","GH31_3",238.914529,21
"D_tamminensis_BEC324","GH31_3",238.914529,21
"D_tamminensis_BEC324","GT11",120.92349,31
"D_tamminensis_BEC324","GH127",169.631342,23
"D_tamminensis_BEC324","GH130_1",153.550389,6
"D_tamminensis_BEC324","GH5_4",130.043838,45
"D_tamminensis_BEC324","GH3",277.591714,24
"D_tamminensis_BEC324","GH78",241.420557,101
"D_tamminensis_BEC324","GH53",253.288771,11
"D_tamminensis_BEC324","GH31_3",317.087984,54
"D_tamminensis_BEC324","CE9",249.711073,53
"D_tamminensis_BEC324","GH29",249.711073,53
"D_tamminensis_BEC324","GH4",249.711073,53
"D_tamminensis_BEC324","GH57",257.697174,26
"D_tamminensis_BEC324","GT2_Glycos_transf_2",156.595898,56
"D_tamminensis_BEC324","GH8",248.304429,87
"D_tamminensis_BEC324","GH28",121.089007,25
"D_tamminensis_BEC324","GH65",121.089007,25
"D_tamminensis_BEC324","GH65",121.089007,25
"D_tamminensis_BEC324","GT2_Glycos_transf_2",156.982618,34
"D_tamminensis_BEC324","GH3",1666.779919,38
"D_tamminensis_BEC324","GH94",227.535371,149
"D_tamminensis_BEC324","GH43_35",150.276986,62
"D_tamminensis_BEC324","GH28",244.456749,83
"D_tamminensis_BEC324","GH65",244.456749,83
"D_tamminensis_BEC324","GH36",176.663458,14
"D_tamminensis_BEC324","GH94",118.705482,47
"D_tamminensis_BEC324","GT2_Glycos_transf_2",1803.720022,26
"D_tamminensis_BEC324","GT2_Glycos_transf_2",255.606435,5
"D_tamminensis_BEC324","GH13_44",233.277962,145
"D_tamminensis_BEC324","GH65",114.601474,53
"D_tamminensis_BEC324","GT11",130.13492,8
"D_tamminensis_BEC324","GT17",130.13492,8
"D_tamminensis_BEC324","GH2",253.656505,185
"D_tamminensis_BEC324","GH53",93.748947,34
"D_tamminensis_BEC324","GT51",949.098682,6
"D_tamminensis_BEC324","GH3",165.483749,66
"D_tamminensis_BEC324","GH51_1",387.072007,62
"D_tamminensis_BEC324","GH43_4",387.072007,62
"D_tamminensis_BEC324","GT5",155.543155,41
"D_tamminensis_BEC324","GH13_39",235.731455,26
"D_tamminensis_BEC324","GH32",68.287239,18
"D_tamminensis_BEC324","GT2_Glycos_transf_2",154.004383,71
"D_tamminensis_BEC324","GH13_31",349.507603,34
"D_tamminensis_BEC324","GH51_1",182.595788,41
"D_tamminensis_BEC324","GH13_31",299.478275,18
"D_tamminensis_BEC324","GH13_44",100.911615,32
"D_tamminensis_BEC324","GT84",94.352238,45
"D_tamminensis_BEC324","GH94",94.352238,45
"D_tamminensis_BEC324","GH13_9",119.709905,39
"D_tamminensis_BEC324","GH115",242.592,155
"D_tamminensis_BEC324","GH51_1",242.251767,36
"D_tamminensis_BEC324","GH2",409.706865,31
"D_tamminensis_BEC324","GT2_Glyco_tranf_2_5",459.615131,7
"D_tamminensis_BEC324","GH2",255.240255,85
"D_tamminensis_BEC324","GT51",408.970295,8
"D_tamminensis_BEC324","GT11",500.510923,10
"D_tamminensis_BEC324","GT101",261.442132,26
"D_tamminensis_BEC324","GH127",218.932174,106
"D_tamminensis_BEC324","GH127",218.932174,106
"D_tamminensis_BEC324","GH13_31",138.788649,41
"D_tamminensis_BEC324","GH3",191.76139,11
"D_tamminensis_BEC324","GH65",137.900292,18
"D_tamminensis_BEC324","GH13_39",142.023625,55
"D_tamminensis_BEC324","GT5",142.023625,55
"D_tamminensis_BEC324","GH53",136.451613,56
"D_tamminensis_BEC324","GT8",85.788077,21
"D_tamminensis_BEC324","GT42",82.895213,11
"D_tamminensis_BEC324","GT51",191.209643,28
"D_tamminensis_BEC324","GT5",191.209643,28
"D_tamminensis_BEC324","GH16_3",79.019629,13
"D_tamminensis_BEC324","CE20",86.690963,10
"D_tamminensis_BEC324","GH3",86.690963,10
"D_tamminensis_BEC324","GH78",125.379687,17
"D_tamminensis_BEC324","GH5_52",49.978727,1
"D_tamminensis_BEC324","GH94",155.196805,50
"D_tamminensis_BEC324","GH23",265.319629,44.416
"D_tamminensis_BEC324","GH43_26",168.712828,28
"D_tamminensis_BEC324","GH2",109.407017,54
"D_tamminensis_BEC324","GH88",144.373787,32
"D_tamminensis_BEC325","GH115",1366.708452,95
"D_tamminensis_BEC325","GH5_4",1973.078588,6
"D_tamminensis_BEC325","GH13_20",1436.025199,15
"D_tamminensis_BEC325","GH94",1044.693519,26
"D_tamminensis_BEC325","GH13_9",1051.255784,59
"D_tamminensis_BEC325","GH23",1884.335472,16
"D_tamminensis_BEC325","GH127",1701.640567,41
"D_tamminensis_BEC325","GH8",9079.239217,13
"D_tamminensis_BEC325","GT4",1260.647032,39
"D_tamminensis_BEC325","GT4",1475.866966,54
"D_tamminensis_BEC325","GT111",1475.866966,54
"D_tamminensis_BEC326","GH10",803.542652,43
"D_tamminensis_BEC326","GT51",1562.465583,4
"D_tamminensis_BEC326","GT28",1308.846162,25
"D_tamminensis_BEC326","GH11",2576.343675,20
"D_tamminensis_BEC326","GT2_Glycos_transf_2",2810.319498,149
"D_tamminensis_BEC326","GH94",292.928593,15
"D_tamminensis_BEC326","GH154",960.973089,50
"D_tamminensis_BEC326","GH53",3785.470163,21
"D_tamminensis_BEC326","GH13_36",3785.470163,21
"D_tamminensis_BEC326","GH5_4",1530.346124,34
"D_tamminensis_BEC326","GH13_20",1543.526545,31
"D_tamminensis_BEC326","GH115",1543.526545,31
"D_tamminensis_BEC326","GT4",1543.526545,31
"D_tamminensis_BEC326","GH3",1866.705292,166
"D_tamminensis_BEC326","GT4",1866.705292,166
"D_tamminensis_BEC326","GH43_1",1210.262413,54
"D_tamminensis_BEC326","GH4",387.63767,24
"D_tamminensis_BEC326","GT2_Glycos_transf_2",1661.626493,6
"D_tamminensis_BEC326","GT4",7216.203431,32
"D_tamminensis_BEC326","GT10",7216.203431,32
"D_tamminensis_BEC326","GT2_Glycos_transf_2",7216.203431,32
"D_tamminensis_BEC326","GT2_Glycos_transf_2",7216.203431,32
"D_tamminensis_BEC326","GT35",326.893914,40
"D_tamminensis_BEC326","GH120",1376.143284,15
"D_tamminensis_BEC326","GH3",338.303458,39
"D_tamminensis_BEC326","GH94",862.562388,101
"D_tamminensis_BEC326","GH8",1947.925835,8
"D_tamminensis_BEC326","GH77",870.63283,79
"D_tamminensis_BEC326","GH13_39",870.63283,79
"D_tamminensis_BEC326","GH13_9",870.63283,79
"D_tamminensis_BEC326","GT5",870.63283,79
"D_tamminensis_BEC326","GT35",870.63283,79
"D_tamminensis_BEC326","GT8",1724.072435,9
"D_tamminensis_BEC326","GT8",1724.072435,9
"D_tamminensis_BEC326","GH26",1533.246541,102
"D_tamminensis_BEC326","GH9",7501.693119,74
"D_tamminensis_BEC326","GH127",4914.436806,85
"D_tamminensis_BEC326","GT4",4914.436806,85
"D_tamminensis_BEC326","GT5",552.40858,12
"D_tamminensis_BEC326","GH39",2330.511467,56
"D_tamminensis_BEC326","GH51_1",858.745013,27
"D_tamminensis_BEC326","GH43_35",858.745013,27
"D_tamminensis_BEC326","GT10",6671.754324,13
"D_tamminensis_BEC326","GT10",6671.754324,13
"D_tamminensis_BEC326","GT2_Glycos_transf_2",1504.708746,83
"D_tamminensis_BEC326","GH94",3334.154466,22
"D_tamminensis_BEC326","GH2",2681.890454,14
"D_tamminensis_BEC326","GH31_3",2681.890454,14
"D_tamminensis_BEC326","GH3",2681.890454,14
"D_tamminensis_BEC327","GT4",671.157041,23
"D_tamminensis_BEC327","GH65",535.340682,59
"D_tamminensis_BEC327","GH65",535.340682,59
"D_tamminensis_BEC327","GH120",825.456691,14
"D_tamminensis_BEC327","GH5_2",731.162548,34
"D_tamminensis_BEC327","GT2_Glycos_transf_2",602.330107,32
"D_tamminensis_BEC327","GT35",644.209439,49
"D_tamminensis_BEC327","GH13_14",642.836309,94
"D_tamminensis_BEC327","GH13_28",642.836309,94
"D_tamminensis_BEC327","GH127",413.270741,40
"D_tamminensis_BEC327","GH94",717.561633,38
"D_tamminensis_BEC327","GH13_9",1123.309066,14
"D_tamminensis_BEC327","GH43_1",736.592968,32
"D_tamminensis_BEC327","GH53",451.371757,1
"D_tamminensis_BEC327","GT2_Glycos_transf_2",783.64594,19
"D_tamminensis_BEC327","GT8",806.587252,36
"D_tamminensis_BEC327","GH9",982.538353,31
"D_tamminensis_BEC327","GT111",1287.601075,38
"D_tamminensis_BEC327","GT2_Glycos_transf_2",5122.762078,3
"D_tamminensis_BEC327","GH31_4",2719.242422,4
"D_tamminensis_BEC327","GH94",600.697094,76
"D_tamminensis_BEC327","GH51_1",724.273726,45
"D_tamminensis_BEC327","GH105",1000.616513,45
"D_tamminensis_BEC327","GH3",884.330005,27
"D_tamminensis_BEC327","GH29",586.15485,17
"D_tamminensis_BEC327","GH43_10",586.15485,17
"D_tamminensis_BEC327","GH5_4",392.630439,34
"D_tamminensis_BEC327","GH23",612.687895,16
"D_tamminensis_BEC327","GT4",873.051416,36
"D_tamminensis_BEC327","GH13_20",729.259224,38
"D_tamminensis_BEC327","GT4",729.259224,38
"D_tamminensis_BEC327","GH3",541.636697,70
"D_tamminensis_BEC327","GH77",659.252014,18
